Title,Author,My Rating,Number of Pages,Original Publication Year,n_ratings,avg_rating,category,date_read,year_read,month_year_read,genre_1,genre_2
A Brief History of Time,Stephen W. Hawking,4.0,226,1988,494133,4.21,nonfiction,2014-03-11,2014,March 2014,Science,Non Fiction
"Twilight (The Twilight Saga, #1)",Stephenie Meyer,2.0,544,2005,7518343,3.68,fiction,2014-11-01,2014,November 2014,Fantasy,Young Adult
The Invisible Man,H.G. Wells,4.0,192,1897,225278,3.63,fiction,2015-03-15,2015,March 2015,Classics,Science Fiction
The 3 Mistakes of My Life,Chetan Bhagat,1.0,258,2008,79675,3.07,fiction,2015-06-05,2015,June 2015,Fiction,Chetan Bhagat
2 States: The Story of My Marriage,Chetan Bhagat,1.0,269,2009,99722,3.44,fiction,2015-08-08,2015,August 2015,Fiction,Romance
"Harry Potter and the Sorcerer's Stone (Harry Potter, #1)",J.K. Rowling,5.0,309,1997,11837170,4.47,fiction,2015-12-17,2015,December 2015,Fantasy,Fiction
The Story of My Life,Helen Keller,4.0,240,1902,152393,4.07,nonfiction,2016-03-19,2016,March 2016,Non Fiction,Biography
"Harry Potter and the Prisoner of Azkaban (Harry Potter, #3)",J.K. Rowling,5.0,547,1999,5055350,4.58,fiction,2016-06-05,2016,June 2016,Fantasy,Fiction
"Harry Potter and the Goblet of Fire (Harry Potter, #4)",J.K. Rowling,4.0,734,2000,4359060,4.57,fiction,2016-06-10,2016,June 2016,Fantasy,Fiction
"Harry Potter and the Deathly Hallows (Harry Potter, #7)",J.K. Rowling,4.0,759,2007,4237668,4.62,fiction,2016-07-10,2016,July 2016,Fantasy,Fiction
The Fault in Our Stars,John  Green,4.0,313,2012,5888121,4.12,fiction,2016-08-10,2016,August 2016,Young Adult,Romance
Paper Towns,John  Green,3.0,305,2008,1521828,3.7,fiction,2016-09-17,2016,September 2016,Young Adult,Ya
"The Lightning Thief (Percy Jackson and the Olympians, #1)",Rick Riordan,5.0,377,2005,3566408,4.31,fiction,2016-10-03,2016,October 2016,Fantasy,Young Adult
The Diary of a Young Girl,Anne Frank,5.0,340,1947,4335769,4.2,nonfiction,2016-12-19,2016,December 2016,Classics,Non Fiction
"Revolution 2020: Love, Corruption, Ambition",Chetan Bhagat,1.0,296,2011,66703,3.12,fiction,2017-01-19,2017,January 2017,Fiction,Romance
Looking for Alaska,John  Green,5.0,221,2005,1787999,3.96,fiction,2017-04-27,2017,April 2017,Young Adult,Ya
"A Game of Thrones (A Song of Ice and Fire, #1)",George R.R. Martin,5.0,835,1996,2819609,4.45,fiction,2017-04-27,2017,April 2017,Fantasy,Fiction
"Angels & Demons (Robert Langdon, #1)",Dan    Brown,3.0,736,2000,3462597,3.96,fiction,2018-03-04,2018,March 2018,Fiction,Mystery
"Fantastic Beasts - The Crimes of Grindelwald: The Original Screenplay (Fantastic Beasts: The Original Screenplay, #2)",J.K. Rowling,3.0,287,2018,52946,4.02,fiction,2019-02-05,2019,February 2019,Fantasy,Books I Own
Kafka on the Shore,Haruki Murakami,4.0,467,2002,577681,4.11,fiction,2020-01-01,2020,January 2020,Fiction,Magical Realism
Maus I: Un Survivant Raconte: Mon Père Saigne L'histoire,Art Spiegelman,5.0,159,1986,386807,4.39,nonfiction,2020-02-07,2020,February 2020,Graphic Novels,Graphic Novel
The Complete Maus,Art Spiegelman,5.0,296,1992,265589,4.58,nonfiction,2020-02-14,2020,February 2020,Graphic Novels,Graphic Novel
"American Gods (American Gods, #1)",Neil Gaiman,5.0,635,2001,1005445,4.1,fiction,2020-07-01,2020,July 2020,Fantasy,Fiction
Atomic Habits: An Easy & Proven Way to Build Good Habits & Break Bad Ones,James Clear,4.0,319,2018,1426011,4.31,nonfiction,2020-07-01,2020,July 2020,Self Help,Non Fiction
The Picture of Dorian Gray,Oscar Wilde,5.0,272,1890,2007598,4.13,fiction,2020-07-01,2020,July 2020,Classics,Fiction
Ikigai: Los secretos de Japón para una vida larga y feliz,Héctor  García,4.0,192,2016,90123,3.75,nonfiction,2020-08-01,2020,August 2020,Non Fiction,Self Help
Magnus Chase and the Sword of Summer,Rick Riordan,4.0,500,2015,247893,4.23,fiction,2020-08-05,2020,August 2020,Fantasy,Mythology
"The Silence of the Lambs  (Hannibal Lecter, #2)",Thomas  Harris,5.0,421,1988,602398,4.26,fiction,2020-09-01,2020,September 2020,Horror,Fiction
"Magnus Chase and the Hammer of Thor (Magnus Chase and the Gods of Asgard, #2)",Rick Riordan,4.0,496,2016,134824,4.29,fiction,2020-09-04,2020,September 2020,Fantasy,Mythology
"Magnus Chase and the Ship of the Dead (Magnus Chase and the Gods of Asgard, #3)",Rick Riordan,4.0,456,2017,110910,4.36,fiction,2020-09-10,2020,September 2020,Fantasy,Mythology
"A Court of Thorns and Roses (A Court of Thorns and Roses, #1)",Sarah J. Maas,3.0,1,2015,4605556,4.15,fiction,2020-09-15,2020,September 2020,Fantasy,Romance
Hotel Valhalla Guide to the Norse Worlds,Rick Riordan,4.0,176,2016,12858,3.92,fiction,2020-09-15,2020,September 2020,Fantasy,Mythology
Pandeymonium,Piyush Pandey,4.0,265,2015,1442,3.83,nonfiction,2020-09-17,2020,September 2020,Marketing,Non Fiction
Mrs Rosie and the Priest,Giovanni Boccaccio,4.0,54,1353,4483,3.23,fiction,2020-09-23,2020,September 2020,Classics,Penguin Little Black Classics
Circe,Madeline Miller,5.0,393,2018,1479037,4.22,fiction,2020-10-18,2020,October 2020,Fantasy,Mythology
Peak: Secrets from the New Science of Expertise,K. Anders Ericsson,4.0,336,2016,19576,4.2,nonfiction,2020-10-31,2020,October 2020,Psychology,Non Fiction
The Secret History,Donna Tartt,5.0,559,1992,1127800,4.14,fiction,2020-11-01,2020,November 2020,Fiction,Dark Academia
The Song of Achilles,Madeline Miller,5.0,352,2011,2186642,4.3,fiction,2020-12-05,2020,December 2020,Fantasy,Historical Fiction
The Kite Runner,Khaled Hosseini,5.0,371,2003,3615039,4.36,fiction,2021-01-02,2021,January 2021,Fiction,Historical Fiction
"Beautiful Disaster (Beautiful, #1)",Jamie McGuire,4.0,432,2011,712850,3.99,fiction,2021-01-08,2021,January 2021,Romance,New Adult
Like a Love Story,Abdi Nazemian,5.0,432,2019,16293,4.26,fiction,2021-01-22,2021,January 2021,Young Adult,Lgbtq
Slaughterhouse-Five,Kurt Vonnegut Jr.,5.0,275,1969,1529372,4.1,fiction,2021-01-23,2021,January 2021,Classics,Fiction
A Thousand Splendid Suns,Khaled Hosseini,5.0,372,2007,1822026,4.46,fiction,2021-01-23,2021,January 2021,Fiction,Historical Fiction
The Color Purple,Alice Walker,5.0,287,1982,773813,4.28,fiction,2021-01-24,2021,January 2021,Classics,Fiction
The Perks of Being a Wallflower,Stephen Chbosky,5.0,240,1999,2075437,4.24,fiction,2021-01-25,2021,January 2021,Young Adult,Fiction
"The House in the Cerulean Sea (Cerulean Chronicles, #1)",T.J. Klune,5.0,393,2020,1107251,4.35,fiction,2021-01-26,2021,January 2021,Fantasy,Fiction
Wings of Fire: An Autobiography,A.P.J. Abdul Kalam,5.0,180,1999,55564,4.29,nonfiction,2021-01-28,2021,January 2021,Biography,Non Fiction
The Book Thief,Markus Zusak,5.0,592,2005,2981960,4.39,fiction,2021-02-04,2021,February 2021,Historical Fiction,Fiction
Art Matters: Because Your Imagination Can Change the World,Neil Gaiman,5.0,95,2018,20923,4.27,nonfiction,2021-02-22,2021,February 2021,Non Fiction,Art
"The Three-Body Problem (Remembrance of Earth’s Past, #1)",Liu Cixin,4.0,472,2006,538745,4.08,fiction,2021-02-23,2021,February 2021,Sci Fi,Science Fiction
The Metamorphosis,Franz Kafka,5.0,201,1915,1564262,3.91,fiction,2021-03-01,2021,March 2021,Classics,Fiction
"Aristotle and Dante Discover the Secrets of the Universe (Aristotle and Dante, #1)",Benjamin Alire Sáenz,5.0,390,2012,694931,4.28,fiction,2021-03-01,2021,March 2021,Young Adult,Romance
Norwegian Wood,Haruki Murakami,5.0,296,1987,773825,3.98,fiction,2021-03-01,2021,March 2021,Fiction,Romance
"The Dark Prophecy (The Trials of Apollo, #2)",Rick Riordan,5.0,432,2017,147955,4.09,fiction,2021-03-02,2021,March 2021,Fantasy,Mythology
"The Hidden Oracle (The Trials of Apollo, #1)",Rick Riordan,4.0,376,2016,242126,4.12,fiction,2021-03-02,2021,March 2021,Fantasy,Mythology
Turtles All the Way Down,John  Green,4.0,304,2017,661516,3.87,fiction,2021-03-03,2021,March 2021,Young Adult,Fiction
"The Burning Maze (The Trials of Apollo, #3)",Rick Riordan,5.0,448,2018,121387,4.25,fiction,2021-03-03,2021,March 2021,Fantasy,Mythology
"The Tyrant’s Tomb (The Trials of Apollo, #4)",Rick Riordan,4.0,439,2019,100890,4.3,fiction,2021-03-03,2021,March 2021,Fantasy,Mythology
"The Tower of Nero (The Trials of Apollo, #5)",Rick Riordan,5.0,416,2020,92858,4.46,fiction,2021-03-04,2021,March 2021,Fantasy,Mythology
"The Lion, the Witch and the Wardrobe (Chronicles of Narnia, #1)",C.S. Lewis,5.0,206,1950,3230748,4.24,fiction,2021-03-06,2021,March 2021,Fantasy,Classics
Sophie’s World,Jostein Gaarder,5.0,403,1991,292400,3.97,fiction,2021-03-08,2021,March 2021,Philosophy,Fiction
A Man Called Ove,Fredrik Backman,5.0,337,2012,1283396,4.38,fiction,2021-03-10,2021,March 2021,Fiction,Book Club
Anxious People,Fredrik Backman,5.0,336,2019,885042,4.16,fiction,2021-03-14,2021,March 2021,Fiction,Book Club
It's Kind of a Funny Story,Ned Vizzini,4.0,444,2006,264826,4.07,fiction,2021-03-16,2021,March 2021,Young Adult,Ya
Little Birds,Anaïs Nin,4.0,148,1979,14577,3.67,fiction,2021-03-31,2021,March 2021,Fiction,Erotica
Thousand Cranes,Yasunari Kawabata,4.0,147,1952,16698,3.69,fiction,2021-04-01,2021,April 2021,Fiction,Japan
A Little Life,Hanya Yanagihara,5.0,736,2015,1013418,4.26,fiction,2021-04-04,2021,April 2021,Fiction,Books I Own
The Uncommon Reader,Alan Bennett,4.0,120,2007,63453,3.73,fiction,2021-04-05,2021,April 2021,Fiction,Books About Books
"Red, White & Royal Blue (Red, White & Royal Blue, #1)",Casey McQuiston,3.0,443,2019,1283050,4.04,fiction,2021-04-05,2021,April 2021,Romance,Lgbtq
The Passengers,John Marrs,4.0,337,2019,81162,4.05,fiction,2021-04-06,2021,April 2021,Thriller,Sci Fi
"They Both Die at the End (They Both Die at the End, #1)",Adam Silvera,4.0,389,2017,909381,3.75,fiction,2021-04-07,2021,April 2021,Romance,Young Adult
The Seven Husbands of Evelyn Hugo,Taylor Jenkins Reid,4.0,389,2017,4444738,4.39,fiction,2021-04-08,2021,April 2021,Fiction,Romance
"Ready Player One (Ready Player One, #1)",Ernest Cline,3.0,480,2011,1346541,4.22,fiction,2021-04-11,2021,April 2021,Sci Fi,Science Fiction
A Fine Balance,Rohinton Mistry,5.0,603,1995,165277,4.38,fiction,2021-04-17,2021,April 2021,Fiction,Historical Fiction
"Slaughterhouse-Five, or the Children's Crusade: A Graphic Novel Adaptation",Kurt Vonnegut Jr.,5.0,192,2020,21509,4.37,fiction,2021-04-19,2021,April 2021,Graphic Novels,Graphic Novel
Out,Natsuo Kirino,2.0,400,1997,51950,3.93,fiction,2021-04-24,2021,April 2021,Fiction,Thriller
When Breath Becomes Air,Paul Kalanithi,4.0,208,2016,854659,4.41,nonfiction,2021-04-25,2021,April 2021,Non Fiction,Memoir
Stories of Your Life and Others,Ted Chiang,5.0,281,2002,133016,4.25,fiction,2021-04-28,2021,April 2021,Short Stories,Sci Fi
"The Midnight Library (The Midnight World, #1)",Matt Haig,3.0,288,2020,2683377,3.97,fiction,2021-04-30,2021,April 2021,Fiction,Fantasy
"Scythe (Arc of a Scythe, #1)",Neal Shusterman,5.0,435,2016,445354,4.32,fiction,2021-05-02,2021,May 2021,Fantasy,Young Adult
"Thunderhead (Arc of a Scythe, #2)",Neal Shusterman,5.0,504,2018,253227,4.37,fiction,2021-05-03,2021,May 2021,Young Adult,Fantasy
"The Toll (Arc of a Scythe, #3)",Neal Shusterman,4.0,625,2019,187171,4.15,fiction,2021-05-03,2021,May 2021,Young Adult,Fantasy
Letters to a Young Poet,Rainer Maria Rilke,5.0,80,1929,134359,4.26,nonfiction,2021-05-07,2021,May 2021,Poetry,Classics
People We Meet on Vacation,Emily Henry,3.0,361,2021,1974756,3.84,fiction,2021-05-19,2021,May 2021,Romance,Fiction
What We Carry: A Memoir,Maya Shanbhag Lang,5.0,288,2020,4181,4.32,nonfiction,2021-05-20,2021,May 2021,Memoir,Non Fiction
The Invisible Life of Addie LaRue,V.E. Schwab,3.0,448,2020,1631179,4.16,fiction,2021-05-25,2021,May 2021,Fantasy,Fiction
Girl Made of Stars,Ashley Herring Blake,4.0,304,2018,30241,4.18,fiction,2021-05-26,2021,May 2021,Young Adult,Contemporary
Erotic Stories for Punjabi Widows,Balli Kaur Jaswal,5.0,304,2017,114687,3.93,fiction,2021-05-28,2021,May 2021,Fiction,Book Club
Letter to My Daughter,Maya Angelou,5.0,192,1987,36161,4.09,nonfiction,2021-05-30,2021,May 2021,Non Fiction,Nonfiction
Old Greek Stories,James  Baldwin,3.0,101,1895,1617,3.83,fiction,2021-05-31,2021,May 2021,Mythology,Classics
"Neon Gods (Dark Olympus, #1)",Katee Robert,3.0,380,2021,323586,3.67,fiction,2021-06-02,2021,June 2021,Romance,Fantasy
"The Red Pyramid (The Kane Chronicles, #1)",Rick Riordan,4.0,528,2010,434556,4.1,fiction,2021-07-04,2021,July 2021,Fantasy,Mythology
Giovanni’s Room,James Baldwin,5.0,159,1956,303234,4.34,fiction,2021-07-10,2021,July 2021,Classics,Fiction
"The Throne of Fire (The Kane Chronicles, #2)",Rick Riordan,4.0,452,2011,233894,4.18,fiction,2021-07-14,2021,July 2021,Fantasy,Mythology
"Poison Study (Study, #1)",Maria V. Snyder,4.0,427,2005,179236,4.08,fiction,2021-07-15,2021,July 2021,Fantasy,Young Adult
"Assassin Study (Study, #1.5)",Maria V. Snyder,4.0,15,2008,11301,3.73,fiction,2021-07-17,2021,July 2021,Fantasy,Young Adult
She Comes First: The Thinking Man's Guide to Pleasuring a Woman,Ian Kerner,5.0,228,2004,13322,4.07,nonfiction,2021-07-20,2021,July 2021,Non Fiction,Sex
"Magic Study (Study, #2)",Maria V. Snyder,4.0,392,2006,85143,4.03,fiction,2021-07-23,2021,July 2021,Fantasy,Young Adult
"Fire Study (Study, #3)",Maria V. Snyder,3.0,441,2008,66595,3.91,fiction,2021-07-25,2021,July 2021,Fantasy,Young Adult
Timeline,Michael Crichton,3.0,489,1999,220856,3.87,fiction,2021-08-01,2021,August 2021,Science Fiction,Fiction
Digital Fortress,Dan    Brown,3.0,510,1998,674012,3.71,fiction,2021-08-08,2021,August 2021,Fiction,Thriller
Man's Search for Meaning,Viktor E. Frankl,4.0,165,1946,940643,4.37,nonfiction,2021-09-02,2021,September 2021,Non Fiction,Psychology
Managing Oneself (Harvard Business Review Classics),Peter F. Drucker,2.0,72,1999,14832,3.97,nonfiction,2021-09-06,2021,September 2021,Business,Self Help
"The Priory of the Orange Tree (The Roots of Chaos, #1)",Samantha Shannon,4.0,848,2019,301821,4.16,fiction,2021-09-22,2021,September 2021,Fantasy,Books I Own
The First Fifteen Lives of Harry August,Claire North,5.0,417,2014,104408,4.03,fiction,2021-09-29,2021,September 2021,Science Fiction,Fiction
The Bluest Eye,Toni Morrison,5.0,216,1970,324711,4.14,fiction,2021-10-06,2021,October 2021,Fiction,Classics
The Yellow Wall-Paper,Charlotte Perkins Gilman,5.0,62,1892,388176,4.06,fiction,2021-11-23,2021,November 2021,Classics,Short Stories
"The Hitchhiker’s Guide to the Galaxy (The Hitchhiker's Guide to the Galaxy, #1)",Douglas Adams,5.0,193,1979,2078869,4.22,fiction,2021-11-23,2021,November 2021,Sci Fi,Science Fiction
"Star Wars: The Phantom Menace (Star Wars Novelizations, #1)",Terry Brooks,4.0,336,1999,22061,3.66,fiction,2021-11-27,2021,November 2021,Star Wars,Science Fiction
"Aristotle and Dante Dive into the Waters of the World (Aristotle and Dante, #2)",Benjamin Alire Sáenz,4.0,516,2021,114217,4.12,fiction,2021-12-11,2021,December 2021,Romance,Young Adult
"Jurassic Park (Jurassic Park, #1)",Michael Crichton,5.0,466,1990,1101806,4.14,fiction,2022-01-01,2022,January 2022,Science Fiction,Fiction
Bartleby,Herman Melville,5.0,56,1853,80048,3.93,fiction,2022-02-12,2022,February 2022,Classics,Fiction
"It Ends with Us (It Ends with Us, #1)",Colleen Hoover,1.0,386,2016,4838889,4.06,fiction,2022-02-26,2022,February 2022,Romance,Fiction
Seeing Like a Feminist,Nivedita Menon,5.0,265,2012,1733,4.27,nonfiction,2022-03-08,2022,March 2022,Feminism,Non Fiction
A Small Place,Jamaica Kincaid,5.0,81,1988,20032,4.07,nonfiction,2022-03-10,2022,March 2022,Non Fiction,Nonfiction
Fun Home: A Family Tragicomic,Alison Bechdel,5.0,232,2006,209007,4.07,nonfiction,2022-03-10,2022,March 2022,Graphic Novels,Graphic Novel
The Loneliness of the Dying,Norbert Elias,4.0,102,1982,729,3.87,nonfiction,2022-03-10,2022,March 2022,Philosophy,Sociology
Lucy,Jamaica Kincaid,4.0,163,1990,15750,3.84,fiction,2022-03-11,2022,March 2022,Fiction,Classics
The Last Answer,Isaac Asimov,5.0,8,1980,2976,4.14,fiction,2022-03-11,2022,March 2022,Short Stories,Science Fiction
The Last Question,Isaac Asimov,5.0,9,1956,31838,4.52,fiction,2022-03-11,2022,March 2022,Sci Fi,Science Fiction
The Most Dangerous Game,Richard Connell,4.0,48,1924,63732,3.95,fiction,2022-03-12,2022,March 2022,Classics,Short Stories
Hell is the Absence of God,Ted Chiang,5.0,30,2001,2952,4.03,fiction,2022-03-12,2022,March 2022,Short Stories,Fiction
All Summer in a Day,Ray Bradbury,4.0,6,1954,6220,4.0,fiction,2022-03-16,2022,March 2022,Short Stories,Sci Fi
Harrison Bergeron,Kurt Vonnegut Jr.,5.0,9,1961,23831,4.12,fiction,2022-03-16,2022,March 2022,Short Stories,Fiction
We Can Get Them For You Wholesale,Neil Gaiman,5.0,10,1984,821,4.01,fiction,2022-03-16,2022,March 2022,Short Stories,Fiction
"Every Time I Find the Meaning of Life, They Change It: Wisdom of the Great Philosophers on How to Live",Daniel Klein,4.0,210,2015,4963,3.95,nonfiction,2022-03-28,2022,March 2022,Philosophy,Non Fiction
Waiting for Godot,Samuel Beckett,5.0,109,1952,229024,3.84,fiction,2022-03-29,2022,March 2022,Plays,Classics
Who's Afraid of Virginia Woolf?,Edward Albee,5.0,272,1962,75062,4.06,fiction,2022-03-29,2022,March 2022,Plays,Classics
"The Chronicles of Narnia (The Chronicles of Narnia, #1-7)",C.S. Lewis,4.0,767,1956,723532,4.28,fiction,2022-03-30,2022,March 2022,Fantasy,Classics
The Anthropocene Reviewed: Essays on a Human-Centered Planet,John  Green,5.0,304,2021,194979,4.34,nonfiction,2022-04-05,2022,April 2022,Non Fiction,Nonfiction
Plato and a Platypus Walk Into a Bar: Understanding Philosophy Through Jokes,Thomas Cathcart,4.0,200,2007,17853,3.76,nonfiction,2022-04-08,2022,April 2022,Philosophy,Non Fiction
Existentialism is a Humanism,Jean-Paul Sartre,5.0,122,1946,49676,3.98,nonfiction,2022-04-13,2022,April 2022,Philosophy,Non Fiction
The Song of Achilles,Madeline Miller,5.0,408,2011,2186614,4.3,fiction,2022-04-13,2022,April 2022,Fantasy,Historical Fiction
The Curious Incident of the Dog in the Night-Time,Mark Haddon,5.0,226,2003,1635299,3.89,fiction,2022-04-15,2022,April 2022,Fiction,Mystery
"Darius the Great Is Not Okay (Darius The Great, #1)",Adib Khorram,4.0,316,2018,38045,4.22,fiction,2022-04-17,2022,April 2022,Young Adult,Ya
The Martian,Andy Weir,3.0,369,2011,1382678,4.42,fiction,2022-04-22,2022,April 2022,Sci Fi,Science Fiction
Jurrasic park,Michael Crichton,5.0,427,1990,1101806,4.14,fiction,2022-04-29,2022,April 2022,Science Fiction,Fiction
Conversations with Friends,Sally Rooney,4.0,304,2017,635070,3.73,fiction,2022-06-07,2022,June 2022,Fiction,Contemporary
Norse Mythology,Neil Gaiman,5.0,301,2017,349107,4.09,fiction,2022-06-07,2022,June 2022,Fantasy,Mythology
Star Wars: Vader Down,Jason Aaron,5.0,152,2016,6656,4.14,fiction,2022-06-08,2022,June 2022,Star Wars,Comics
Open Water,Caleb Azumah Nelson,5.0,145,2021,94835,3.97,fiction,2022-06-26,2022,June 2022,Fiction,Romance
On Earth We're Briefly Gorgeous,Ocean Vuong,5.0,246,2019,444807,3.99,fiction,2022-07-07,2022,July 2022,Fiction,Poetry
Hello World: How to be Human in the Age of the Machine,Hannah Fry,4.0,243,2018,12246,4.11,nonfiction,2022-07-08,2022,July 2022,Non Fiction,Science
The Stationery Shop,Marjan Kamali,4.0,312,2019,145218,4.23,fiction,2022-07-14,2022,July 2022,Historical Fiction,Fiction
"Star Wars: Revenge of the Sith (Star Wars Novelizations, #3)",Matthew Woodring Stover,5.0,418,2005,27841,4.33,fiction,2022-07-15,2022,July 2022,Star Wars,Science Fiction
"Beartown (Beartown, #1)",Fredrik Backman,5.0,432,2016,658686,4.28,fiction,2022-07-22,2022,July 2022,Fiction,Contemporary
"Us Against You (Beartown, #2)",Fredrik Backman,5.0,448,2017,283261,4.36,fiction,2022-07-23,2022,July 2022,Fiction,Contemporary
"The Serpent's Shadow (The Kane Chronicles, #3)",Rick Riordan,4.0,406,2012,186118,4.27,fiction,2022-07-28,2022,July 2022,Fantasy,Mythology
"The Lost World (Jurassic Park, #2)",Michael Crichton,4.0,448,1995,191340,3.88,fiction,2022-07-30,2022,July 2022,Science Fiction,Fiction
The Great Alone,Kristin Hannah,4.0,435,2018,1359281,4.46,fiction,2022-07-31,2022,July 2022,Fiction,Historical Fiction
The Railway Children,E. Nesbit,4.0,188,1906,65410,4.03,fiction,2022-08-25,2022,August 2022,Classics,Childrens
"The Tainted Throne (Empire of the Moghul, #4)",Alex Rutherford,4.0,448,2012,1837,3.93,fiction,2022-08-30,2022,August 2022,Historical Fiction,Fiction
"Brothers At War (Empire of the Moghul, #2)",Alex Rutherford,4.0,436,2010,3059,3.92,fiction,2022-08-30,2022,August 2022,Historical Fiction,History
"Ruler of the World (Empire of the Moghul, #3)",Alex Rutherford,4.0,416,2011,2474,3.88,fiction,2022-08-30,2022,August 2022,Historical Fiction,History
"Fall of Giants (The Century Trilogy, #1)",Ken Follett,5.0,985,2005,355991,4.33,fiction,2022-09-16,2022,September 2022,Historical Fiction,Fiction
Crying in H Mart,Michelle Zauner,4.0,256,2021,648638,4.22,nonfiction,2022-09-17,2022,September 2022,Memoir,Non Fiction
Winter of the World (The Century Trilogy #2),Ken Follett,3.0,940,2012,183413,4.39,fiction,2022-09-30,2022,September 2022,Historical Fiction,Fiction
The Secret Garden,Frances Hodgson Burnett,4.0,331,1911,1339979,4.17,fiction,2022-09-30,2022,September 2022,Classics,Fiction
"This Is Water: Some Thoughts, Delivered on a Significant Occasion, about Living a Compassionate Life",David Foster Wallace,5.0,138,2009,40657,4.46,nonfiction,2022-09-30,2022,September 2022,Non Fiction,Philosophy
If We Were Villains,M.L. Rio,5.0,354,2017,443941,4.07,fiction,2022-10-01,2022,October 2022,Dark Academia,Mystery
Educated,Tara Westover,5.0,352,2018,1978086,4.46,nonfiction,2022-10-02,2022,October 2022,Non Fiction,Memoir
"The Winners (Beartown, #3)",Fredrik Backman,5.0,671,2021,183231,4.45,fiction,2022-10-22,2022,October 2022,Fiction,Contemporary
Dark Matter,Blake Crouch,4.0,342,2016,813907,4.13,fiction,2022-10-24,2022,October 2022,Sci Fi,Science Fiction
"84, Charing Cross Road",Helene Hanff,5.0,106,1970,102122,4.17,nonfiction,2022-10-27,2022,October 2022,Non Fiction,Nonfiction
The Humans,Matt Haig,3.0,285,2013,170682,4.07,fiction,2022-10-27,2022,October 2022,Fiction,Sci Fi
When We Cease to Understand the World,Benjamín Labatut,4.0,193,2020,71328,4.09,nonfiction,2022-11-04,2022,November 2022,Science,Non Fiction
Batman: The Killing Joke,Alan Moore,5.0,50,1988,243188,4.36,fiction,2022-11-05,2022,November 2022,Comics,Graphic Novels
Babel,R.F. Kuang,5.0,544,2022,545373,4.12,fiction,2022-12-23,2022,December 2022,Fantasy,Historical Fiction
The Palace of Illusions,Chitra Banerjee Divakaruni,2.0,360,2008,70961,4.2,fiction,2022-12-26,2022,December 2022,Fiction,Mythology
Why Socialism?,Albert Einstein,5.0,12,1949,2306,4.16,nonfiction,2023-01-01,2023,January 2023,Politics,Non Fiction
The Stranger,Albert Camus,5.0,123,1942,1530913,4.03,fiction,2023-01-03,2023,January 2023,Classics,Fiction
A Wizard of Earthsea,Ursula K. Le Guin,4.0,183,1968,377512,4.01,fiction,2023-01-05,2023,January 2023,Fantasy,Fiction
The Communist Manifesto,Karl Marx,5.0,288,1848,210153,3.7,nonfiction,2023-01-06,2023,January 2023,Philosophy,Non Fiction
Ms Ice Sandwich,Mieko Kawakami,5.0,92,2013,16630,3.75,fiction,2023-02-04,2023,February 2023,Fiction,Japan
"Talking to My Daughter About the Economy: or, How Capitalism Works—and How It Fails",Yanis Varoufakis,5.0,224,2013,22342,4.14,nonfiction,2023-03-07,2023,March 2023,Economics,Non Fiction
The Last Leaf (Tale Blazers),O. Henry,5.0,25,1907,7329,4.31,fiction,2023-05-29,2023,May 2023,Short Stories,Classics
The Dream of a Ridiculous Man,Fyodor Dostoevsky,5.0,32,1877,48155,4.03,fiction,2023-06-23,2023,June 2023,Classics,Fiction
The Seven Moons of Maali Almeida,Shehan Karunatilaka,4.0,386,2022,65080,3.89,fiction,2023-07-22,2023,July 2023,Fiction,Historical Fiction
Freakonomics: A Rogue Economist Explores the Hidden Side of Everything,Steven D. Levitt,2.0,268,2005,911902,4.01,nonfiction,2023-07-22,2023,July 2023,Non Fiction,Economics
Childhood’s End,Arthur C. Clarke,4.0,224,1953,178906,4.12,fiction,2023-08-26,2023,August 2023,Science Fiction,Sci Fi
American Prometheus: The Triumph and Tragedy of J. Robert Oppenheimer,Kai Bird,5.0,721,2005,62936,4.3,nonfiction,2023-09-06,2023,September 2023,Biography,History
The Last Lecture,Randy Pausch,4.0,217,2008,369113,4.26,nonfiction,2023-09-06,2023,September 2023,Non Fiction,Nonfiction
The Sirens of Titan,Kurt Vonnegut Jr.,5.0,224,1959,164252,4.15,fiction,2023-09-14,2023,September 2023,Fiction,Science Fiction
"The Coming Wave: Technology, Power, and the Twenty-first Century's Greatest Dilemma",Mustafa Suleyman,2.0,332,2023,16863,3.79,nonfiction,2023-10-02,2023,October 2023,Non Fiction,Ai
"The Chalice of the Gods (Percy Jackson and the Olympians: The Senior Year Adventures, #1)",Rick Riordan,4.0,288,2023,199071,4.24,fiction,2023-10-07,2023,October 2023,Fantasy,Mythology
The Bastard of Istanbul,Elif Shafak,3.0,368,2006,68827,3.88,fiction,2023-11-05,2023,November 2023,Fiction,Historical Fiction
War is a Racket: The Antiwar Classic by America's Most Decorated Soldier,Smedley D. Butler,5.0,60,1935,9741,4.28,nonfiction,2023-12-10,2023,December 2023,History,Politics
The Dictionary of Lost Words,Pip Williams,5.0,384,2020,203663,4.01,fiction,2023-12-16,2023,December 2023,Historical Fiction,Fiction
The Latte Factor: Why You Don't Have to Be Rich to Live Rich,David Bach,1.0,144,,8518,3.83,nonfiction,2023-12-24,2023,December 2023,Finance,Non Fiction
Good Material,Dolly Alderton,5.0,345,2023,286332,3.81,fiction,2023-12-28,2023,December 2023,Fiction,Romance
We Should All Be Feminists,Chimamanda Ngozi Adichie,4.0,52,2012,342084,4.39,nonfiction,2024-01-07,2024,January 2024,Non Fiction,Feminism
A Very Easy Death,Simone de Beauvoir,5.0,112,1964,16275,4.06,nonfiction,2024-01-14,2024,January 2024,Non Fiction,Memoir
Yellowface,R.F. Kuang,3.0,329,2023,1172546,3.71,fiction,2024-01-18,2024,January 2024,Fiction,Contemporary
The Forty Rules of Love,Elif Shafak,5.0,354,2009,216572,4.1,fiction,2024-01-25,2024,January 2024,Fiction,Historical Fiction
City of Djinns: A Year in Delhi,William Dalrymple,5.0,350,1993,13683,4.13,nonfiction,2024-01-28,2024,January 2024,India,Travel
Less Is More: How Degrowth Will Save the World,Jason Hickel,5.0,336,2020,10049,4.49,nonfiction,2024-01-30,2024,January 2024,Non Fiction,Economics
Einstein’s Dreams,Alan Lightman,4.0,140,1993,43889,4.06,fiction,2024-01-31,2024,January 2024,Fiction,Short Stories
What You Are Looking for Is in the Library,Michiko Aoyama,4.0,304,2020,141949,4.01,fiction,2024-02-04,2024,February 2024,Fiction,Contemporary
Still Beating,Jennifer Hartmann,2.0,314,2020,272433,4.18,fiction,2024-02-11,2024,February 2024,Dark Romance,Romance
The Vanishing Half,Brit Bennett,4.0,343,2020,884836,4.11,fiction,2024-02-15,2024,February 2024,Fiction,Historical Fiction
Flowers for Algernon,Daniel Keyes,5.0,311,1966,845619,4.25,fiction,2024-02-18,2024,February 2024,Fiction,Classics
My Grandmother Asked Me to Tell You She's Sorry,Fredrik Backman,5.0,372,2013,307036,4.06,fiction,2024-02-20,2024,February 2024,Fiction,Book Club
The Bell Jar,Sylvia Plath,5.0,294,1963,1318305,4.04,fiction,2024-02-22,2024,February 2024,Classics,Fiction
Sister Outsider: Essays and Speeches,Audre Lorde,5.0,190,1984,42760,4.53,nonfiction,2024-02-24,2024,February 2024,Non Fiction,Feminism
The Door-to-Door Bookstore,Carsten Henn,5.0,239,2020,40089,4.1,fiction,2024-03-02,2024,March 2024,Fiction,Books About Books
Dogsbody,Diana Wynne Jones,4.0,272,1975,7457,4.1,fiction,2024-03-04,2024,March 2024,Fantasy,Young Adult
Lolita,Vladimir Nabokov,3.0,368,1955,980028,3.87,fiction,2024-03-08,2024,March 2024,Classics,Fiction
Welcome to the Hyunam-Dong Bookshop,Hwang Bo-Reum,4.0,307,2022,101158,3.87,fiction,2024-03-09,2024,March 2024,Fiction,Contemporary
Animal Farm,George Orwell,4.0,141,1945,4817293,4.03,fiction,2024-03-10,2024,March 2024,Classics,Fiction
"The Fellowship of the Ring (The Lord of the Rings, #1)",J.R.R. Tolkien,5.0,398,1954,3240225,4.41,fiction,2024-03-21,2024,March 2024,Fantasy,Classics
As Long as the Lemon Trees Grow,Zoulfa Katouh,5.0,417,2022,145334,4.43,fiction,2024-03-24,2024,March 2024,Historical Fiction,Fiction
The Storied Life of A.J. Fikry,Gabrielle Zevin,4.0,260,2014,378333,4.04,fiction,2024-03-25,2024,March 2024,Fiction,Book Club
Mythologies,Roland Barthes,3.0,160,1957,17701,4.08,nonfiction,2024-04-09,2024,April 2024,Philosophy,Non Fiction
"The Two Towers (The Lord of the Rings, #2)",J.R.R. Tolkien,5.0,322,1954,1182131,4.51,fiction,2024-04-28,2024,April 2024,Fantasy,Fiction
"The Return of the King (The Lord of the Rings, #3)",J.R.R. Tolkien,5.0,404,1955,1091320,4.59,fiction,2024-04-30,2024,April 2024,Fantasy,Fiction
A Gentleman in Moscow,Amor Towles,4.0,495,2016,708993,4.31,fiction,2024-05-05,2024,May 2024,Historical Fiction,Fiction
Cat’s Cradle,Kurt Vonnegut Jr.,5.0,306,1963,449682,4.15,fiction,2024-05-18,2024,May 2024,Fiction,Classics
Lessons in Chemistry,Bonnie Garmus,3.0,404,2022,1906709,4.28,fiction,2024-05-20,2024,May 2024,Fiction,Historical Fiction
"Good Omens: The Nice and Accurate Prophecies of Agnes Nutter, Witch",Terry Pratchett,5.0,491,1990,847456,4.25,fiction,2024-05-28,2024,May 2024,Fantasy,Fiction
Acts of God,Kanan Gill,3.0,436,,1713,3.82,fiction,2024-07-24,2024,July 2024,Sci Fi,Fiction
How the World Works,Noam Chomsky,5.0,416,2011,5472,4.12,nonfiction,2024-07-29,2024,July 2024,Politics,Non Fiction
Blue Sisters,Coco Mellors,3.0,352,2024,357478,3.9,fiction,2024-08-21,2024,August 2024,Fiction,Contemporary
"Wonder (Wonder, #1)",R.J. Palacio,5.0,315,2012,1226354,4.35,fiction,2024-09-15,2024,September 2024,Fiction,Young Adult
Punk 57,Penelope Douglas,2.0,343,2016,522299,3.76,fiction,2024-10-01,2024,October 2024,Romance,Dark Romance
"Wrath of the Triple Goddess (Percy Jackson and the Olympians: The Senior Year Adventures, #2)",Rick Riordan,4.0,289,2024,65822,4.12,fiction,2024-10-01,2024,October 2024,Fantasy,Mythology
Piranesi,Susanna Clarke,5.0,245,2020,583037,4.2,fiction,2024-10-06,2024,October 2024,Fantasy,Fiction
Midnight’s Children,Salman Rushdie,5.0,647,1981,136723,3.97,fiction,2024-10-20,2024,October 2024,Fiction,Magical Realism
"The Handmaid’s Tale (The Handmaid's Tale, #1)",Margaret Atwood,5.0,311,1985,2565073,4.16,fiction,2024-11-02,2024,November 2024,Fiction,Classics
Convenience Store Woman,Sayaka Murata,4.0,163,2016,410997,3.66,fiction,2024-11-06,2024,November 2024,Fiction,Contemporary
Normal People,Sally Rooney,2.0,273,2018,2003278,3.81,fiction,2024-11-15,2024,November 2024,Fiction,Romance
The Little Prince,Antoine de Saint-Exupéry,5.0,96,1943,2611801,4.34,fiction,2024-11-16,2024,November 2024,Classics,Fiction
Disgraced,Ayad Akhtar,4.0,79,2013,4582,3.84,fiction,2024-11-16,2024,November 2024,Plays,Drama
The Death of Ivan Ilych,Leo Tolstoy,5.0,86,1886,261395,4.14,fiction,2024-11-17,2024,November 2024,Classics,Fiction
Night,Elie Wiesel,5.0,120,1956,1404330,4.38,nonfiction,2024-11-22,2024,November 2024,Non Fiction,Classics
The Importance of Being Earnest,Oscar Wilde,5.0,89,1895,416253,4.17,fiction,2024-12-07,2024,December 2024,Classics,Plays
Boy's Life,Robert McCammon,5.0,610,1991,44940,4.41,fiction,2024-12-09,2024,December 2024,Horror,Fiction
The Reader,Bernhard Schlink,5.0,216,1995,238444,3.79,fiction,2024-12-11,2024,December 2024,Fiction,Historical Fiction
The Housekeeper and the Professor,Yōko Ogawa,5.0,180,2003,105791,4.04,fiction,2024-12-12,2024,December 2024,Fiction,Japan
The Fall,Albert Camus,5.0,147,1956,146488,4.02,fiction,2024-12-22,2024,December 2024,Fiction,Philosophy
Why I Am An Atheist: An Autobiographical Discourse,Bhagat Singh,5.0,91,1931,6680,4.44,nonfiction,2024-12-22,2024,December 2024,Non Fiction,History
And Every Morning the Way Home Gets Longer and Longer,Fredrik Backman,5.0,97,2015,137094,4.32,fiction,2024-12-26,2024,December 2024,Fiction,Contemporary
"The Poppy War (The Poppy War, #1)",R.F. Kuang,3.0,545,2018,552704,4.15,fiction,2024-12-28,2024,December 2024,Fantasy,Fiction
"The Dragon Republic (The Poppy War, #2)",R.F. Kuang,3.0,654,2019,252881,4.33,fiction,2024-12-30,2024,December 2024,Fantasy,Fiction
"The Burning God (The Poppy War, #3)",R.F. Kuang,2.0,622,2020,196816,4.26,fiction,2025-01-01,2025,January 2025,Fantasy,Books I Own
The Vegetarian,Han Kang,5.0,158,2007,460154,3.65,fiction,2025-01-05,2025,January 2025,Fiction,Horror
The Fire Next Time,James Baldwin,5.0,106,1963,130479,4.55,nonfiction,2025-01-20,2025,January 2025,Non Fiction,Nonfiction
Kitchen,Banana Yoshimoto,4.0,160,1988,139853,3.89,fiction,2025-01-22,2025,January 2025,Fiction,Japan
"Black Edge: Inside Information, Dirty Money, and the Quest to Bring Down the Most Wanted Man on Wall Street",Sheelah Kolhatkar,4.0,295,2017,17644,4.2,nonfiction,2025-01-29,2025,January 2025,Business,Non Fiction
"Somewhere Beyond the Sea (Cerulean Chronicles, #2)",T.J. Klune,4.0,416,2024,243296,4.09,fiction,2025-02-03,2025,February 2025,Fantasy,Fiction
Martyr!,Kaveh Akbar,4.0,332,2024,224439,4.14,fiction,2025-02-09,2025,February 2025,Fiction,Book Club
Madonna in a Fur Coat,Sabahattin Ali,5.0,168,1943,140381,4.28,fiction,2025-02-15,2025,February 2025,Classics,Fiction
Tipping the Velvet,Sarah Waters,4.0,472,1998,81406,4.06,fiction,2025-02-18,2025,February 2025,Historical Fiction,Fiction
"""Surely You're Joking, Mr. Feynman!"": Adventures of a Curious Character",Richard P. Feynman,5.0,400,1985,223676,4.26,nonfiction,2025-03-10,2025,March 2025,Science,Non Fiction
Peace Is Every Step: The Path of Mindfulness in Everyday Life,Thich Nhat Hanh,4.0,157,1992,48708,4.3,nonfiction,2025-03-26,2025,March 2025,Non Fiction,Spirituality
Alone With You in the Ether,Olivie Blake,3.0,288,2020,114021,3.76,fiction,2025-04-10,2025,April 2025,Romance,Fiction
"Careless People: A Cautionary Tale of Power, Greed, and Lost Idealism",Sarah Wynn-Williams,4.0,382,2025,153395,4.12,nonfiction,2025-04-19,2025,April 2025,Non Fiction,Nonfiction
Deviants,Santanu  Bhattacharya,4.0,279,2025,623,4.02,fiction,2025-06-06,2025,June 2025,Queer,Lgbtq
The Cases That India Forgot,Chintan Chandrachud,4.0,183,,761,4.13,nonfiction,2025-06-12,2025,June 2025,Non Fiction,India
A Nation of Idiots,Daksh Tyagi,1.0,215,,576,3.86,nonfiction,2025-06-18,2025,June 2025,Non Fiction,India
You Are Here,David Nicholls,4.0,368,2024,106375,3.98,fiction,2025-06-22,2025,June 2025,Fiction,Romance
The Serviceberry: Abundance and Reciprocity in the Natural World,Robin Wall Kimmerer,5.0,112,2024,76158,4.26,nonfiction,2025-06-25,2025,June 2025,Non Fiction,Nonfiction
"Wolfsong (Green Creek, #1)",T.J. Klune,4.0,528,2016,120395,4.18,fiction,2025-06-29,2025,June 2025,Fantasy,Romance
"An Academic Affair (Love Notes, #1)",Jodi McAlister,4.0,368,2025,54214,3.74,fiction,2025-06-30,2025,June 2025,Romance,Botm
No Exit,Jean-Paul Sartre,5.0,60,1944,48987,4.11,fiction,2025-10-08,2025,October 2025,Plays,Philosophy
The Reading List,Sara Nisha Adams,5.0,368,2021,142298,4.05,fiction,2025-10-20,2025,October 2025,Fiction,Books About Books
Katabasis,R.F. Kuang,4.0,559,2025,207552,3.71,fiction,2025-11-14,2025,November 2025,Fantasy,Dark Academia
"The Secret of Secrets (Robert Langdon, #6)",Dan    Brown,3.0,677,2025,205932,3.91,fiction,2025-12-14,2025,December 2025,Fiction,Thriller
Jesus’ Son,Denis Johnson,4.0,160,1992,43269,4.12,fiction,2025-12-24,2025,December 2025,Short Stories,Fiction
Candide,Voltaire,4.0,129,1759,310651,3.76,fiction,2025-12-25,2025,December 2025,Classics,Fiction
All Quiet on the Western Front,Erich Maria Remarque,5.0,296,1928,541305,4.12,fiction,2025-12-25,2025,December 2025,Classics,Fiction
Mother Mary Comes to Me,Arundhati Roy,5.0,331,2025,38950,4.37,nonfiction,2025-12-25,2025,December 2025,Non Fiction,Memoir
Blessed is the Flame: An Introduction to Concentration Camp Resistance and Anarcho-Nihilism,Serafinski,5.0,140,2016,479,4.32,nonfiction,2026-01-08,2026,January 2026,Anarchism,Non Fiction
"His Majesty's Dragon (Temeraire, #1)",Naomi Novik,4.0,356,2006,115687,4.07,fiction,2026-01-11,2026,January 2026,Fantasy,Dragons
The Illicit Happiness of Other People,Manu Joseph,3.0,352,2012,7298,4.07,fiction,2026-01-17,2026,January 2026,Fiction,India
"The Hedge Knight (The Tales of Dunk and Egg, #1)",George R.R. Martin,5.0,85,1998,33945,4.32,fiction,2026-01-26,2026,January 2026,Fantasy,Fiction
"The Sworn Sword (The Tales of Dunk and Egg, #2)",George R.R. Martin,5.0,81,2003,22518,4.11,fiction,2026-01-31,2026,January 2026,Fantasy,Fiction
"The Mystery Knight (The Tales of Dunk and Egg, #3)",George R.R. Martin,5.0,104,2010,22100,4.26,fiction,2026-01-31,2026,January 2026,Fantasy,Fiction
"A Psalm for the Wild-Built (Monk & Robot, #1)",Becky Chambers,5.0,151,2021,209176,4.2,fiction,2026-02-01,2026,February 2026,Sci Fi,Science Fiction
"A Prayer for the Crown-Shy (Monk & Robot, #2)",Becky Chambers,4.0,152,2022,97372,4.36,fiction,2026-02-05,2026,February 2026,Sci Fi,Science Fiction
The Secret to Superhuman Strength,Alison Bechdel,5.0,231,2021,12214,4.14,nonfiction,2026-02-08,2026,February 2026,Graphic Novels,Memoir
Project Hail Mary,Andy Weir,4.0,476,2021,1880638,4.51,fiction,2026-04-02,2026,April 2026,Sci Fi,Science Fiction
The Loneliness of Sonia and Sunny,Kiran Desai,4.0,670,2025,42439,3.69,fiction,2026-05-08,2026,May 2026,Fiction,India
Nightcrawling,Leila Mottley,4.0,277,2022,65207,3.94,fiction,2026-05-17,2026,May 2026,Fiction,Contemporary
Kitchen Confidential: Adventures in the Culinary Underbelly,Anthony Bourdain,3.0,312,2000,408339,4.2,nonfiction,2026-05-31,2026,May 2026,Non Fiction,Memoir
"The Pillars of the Earth (Kingsbridge, #1)",Ken Follett,4.0,976,1989,859650,4.35,fiction,2026-06-06,2026,June 2026,Historical Fiction,Fiction
"World Without End (Kingsbridge, #2)",Ken Follett,4.0,1237,2007,284837,4.33,fiction,2026-06-16,2026,June 2026,Historical Fiction,Fiction
"A Column of Fire (Kingsbridge, #3)",Ken Follett,3.0,916,2017,131437,4.27,fiction,2026-06-22,2026,June 2026,Historical Fiction,Fiction
"The Armor of Light (Kingsbridge, #4)",Ken Follett,3.0,737,2023,65349,4.22,fiction,2026-07-03,2026,July 2026,Historical Fiction,Fiction
"The Hunger Games (The Hunger Games, #1)",Suzanne Collins,5.0,374,2008,10290082,4.36,fiction,2026-09-11,2026,September 2026,Young Adult,Dystopian
Palestine,Joe Sacco,5.0,288,1993,22475,4.26,nonfiction,2026-09-11,2026,September 2026,Graphic Novels,Comics
A Monster Calls,Patrick Ness,5.0,215,2011,297469,4.34,fiction,2026-09-17,2026,September 2026,Fantasy,Young Adult
