Book Id,Title,Author,category,subject
51323334,"Slaughterhouse-Five, or the Children's Crusade: A Graphic Novel Adaptation",Kurt Vonnegut Jr.,F,Historical Fiction
39337278,"Fantastic Beasts - The Crimes of Grindelwald: The Original Screenplay (Fantastic Beasts: The Original Screenplay, #2)",J.K. Rowling,F,Fantasy
35959740,Circe,Madeline Miller,F,Mythology
37903770,Norse Mythology,Neil Gaiman,F,Mythology
40275288,"The Priory of the Orange Tree (The Roots of Chaos, #1)",Samantha Shannon,F,Fantasy
28857930,Hotel Valhalla Guide to the Norse Worlds,Rick Riordan,F,Mythology
35711311,"Magnus Chase and the Ship of the Dead (Magnus Chase and the Gods of Asgard, #3)",Rick Riordan,F,Mythology
32021586,"Magnus Chase and the Hammer of Thor (Magnus Chase and the Gods of Asgard, #2)",Rick Riordan,F,Mythology
29847078,Magnus Chase and the Sword of Summer,Rick Riordan,F,Mythology
12000020,"Aristotle and Dante Discover the Secrets of the Universe (Aristotle and Dante, #1)",Benjamin Alire Sáenz,F,Fiction
286957,The Yellow Wall-Paper,Charlotte Perkins Gilman,F,Feminist
12615008,"Revolution 2020: Love, Corruption, Ambition",Chetan Bhagat,F,Romance
35521513,Turtles All the Way Down,John  Green,F,Romance
27362503,"It Ends with Us (It Ends with Us, #1)",Colleen Hoover,F,Romance
11870085,The Fault in Our Stars,John  Green,F,Romance
11505797,"Beautiful Disaster (Beautiful, #1)",Jamie McGuire,F,Romance
12893742,"The Serpent's Shadow (The Kane Chronicles, #3)",Rick Riordan,F,Mythology
13623848,The Song of Achilles,Madeline Miller,F,Mythology
9067850,"The Throne of Fire (The Kane Chronicles, #2)",Rick Riordan,F,Mythology
7090447,"The Red Pyramid (The Kane Chronicles, #1)",Rick Riordan,F,Mythology
6969361,2 States: The Story of My Marriage,Chetan Bhagat,F,Romance
100915,"The Lion, the Witch and the Wardrobe (Chronicles of Narnia, #1)",C.S. Lewis,F,Fantasy
3,"Harry Potter and the Sorcerer's Stone (Harry Potter, #1)",J.K. Rowling,F,Fantasy
48855,The Diary of a Young Girl,Anne Frank,NF,Memoir
77203,The Kite Runner,Khaled Hosseini,F,Historical Fiction
4069,Man's Search for Meaning,Viktor E. Frankl,NF,Memoir
6442769,Paper Towns,John  Green,F,Romance
3320520,The 3 Mistakes of My Life,Chetan Bhagat,F,Romance
28187,"The Lightning Thief (Percy Jackson and the Olympians, #1)",Rick Riordan,F,Mythology
960,"Angels & Demons (Robert Langdon, #1)",Dan    Brown,F,Historical Fiction
128029,A Thousand Splendid Suns,Khaled Hosseini,F,Historical Fiction
6533485,Hell is the Absence of God,Ted Chiang,F,Science Fiction
41865,"Twilight (The Twilight Saga, #1)",Stephenie Meyer,F,Fantasy
6,"Harry Potter and the Goblet of Fire (Harry Potter, #4)",J.K. Rowling,F,Fantasy
136251,"Harry Potter and the Deathly Hallows (Harry Potter, #7)",J.K. Rowling,F,Fantasy
5,"Harry Potter and the Prisoner of Azkaban (Harry Potter, #3)",J.K. Rowling,F,Fantasy
11297,Norwegian Wood,Haruki Murakami,F,Magical Realism
2477223,Managing Oneself (Harvard Business Review Classics),Peter F. Drucker,NF,Productivity
22628,The Perks of Being a Wallflower,Stephen Chbosky,F,Fiction
3869,A Brief History of Time,Stephen W. Hawking,NF,Science
40490167,Maus I: Un Survivant Raconte: Mon Père Saigne L'histoire,Art Spiegelman,NF,Memoir
15195,The Complete Maus,Art Spiegelman,NF,Memoir
821611,The Story of My Life,Helen Keller,NF,Memoir
13496,"A Game of Thrones (A Song of Ice and Fire, #1)",George R.R. Martin,F,Fantasy
17184,The Invisible Man,H.G. Wells,F,Fiction
99561,Looking for Alaska,John  Green,F,Romance
11127,"The Chronicles of Narnia (The Chronicles of Narnia, #1-7)",C.S. Lewis,F,Fantasy
634583,Wings of Fire: An Autobiography,A.P.J. Abdul Kalam,NF,Memoir
35167685,"""Surely You're Joking, Mr. Feynman!"": Adventures of a Curious Character",Richard P. Feynman,NF,Memoir
248704,It's Kind of a Funny Story,Ned Vizzini,F,Fiction
11125,Digital Fortress,Dan    Brown,F,Fiction
81067992,"The Armor of Light (Kingsbridge, #4)",Ken Follett,F,Historical Fiction
33571713,"A Column of Fire (Kingsbridge, #3)",Ken Follett,F,Historical Fiction
5064,"World Without End (Kingsbridge, #2)",Ken Follett,F,Historical Fiction
5043,"The Pillars of the Earth (Kingsbridge, #1)",Ken Follett,F,Historical Fiction
33313,Kitchen Confidential: Adventures in the Culinary Underbelly,Anthony Bourdain,NF,Memoir
58537371,Nightcrawling,Leila Mottley,F,Historical Fiction
222683974,The Loneliness of Sonia and Sunny,Kiran Desai,F,Fiction
54493401,Project Hail Mary,Andy Weir,F,Science Fiction
53968436,The Secret to Superhuman Strength,Alison Bechdel,NF,Non-Fiction
40864030,"A Prayer for the Crown-Shy (Monk & Robot, #2)",Becky Chambers,F,Science Fiction
40864002,"A Psalm for the Wild-Built (Monk & Robot, #1)",Becky Chambers,F,Science Fiction
11350430,"The Mystery Knight (The Tales of Dunk and Egg, #3)",George R.R. Martin,F,Fantasy
11985631,"The Sworn Sword (The Tales of Dunk and Egg, #2)",George R.R. Martin,F,Fantasy
11970747,"The Hedge Knight (The Tales of Dunk and Egg, #1)",George R.R. Martin,F,Fantasy
13707645,The Illicit Happiness of Other People,Manu Joseph,F,Fiction
28876,"His Majesty's Dragon (Temeraire, #1)",Naomi Novik,F,Fantasy
29896474,Blessed is the Flame: An Introduction to Concentration Camp Resistance and Anarcho-Nihilism,Serafinski,NF,Radical Theory
19380,Candide,Voltaire,F,Play
355697,All Quiet on the Western Front,Erich Maria Remarque,NF,History
224004055,Mother Mary Comes to Me,Arundhati Roy,NF,Memoir
608287,Jesus’ Son,Denis Johnson,F,Fiction
223889699,"The Secret of Secrets (Robert Langdon, #6)",Dan    Brown,F,Fiction
210223811,Katabasis,R.F. Kuang,F,Fiction
55276648,The Reading List,Sara Nisha Adams,F,Fiction
123933,No Exit,Jean-Paul Sartre,F,Play
36490332,"Talking to My Daughter About the Economy: or, How Capitalism Works—and How It Fails",Yanis Varoufakis,NF,Economics
224003821,"An Academic Affair (Love Notes, #1)",Jodi McAlister,F,Romance
62039417,"Wolfsong (Green Creek, #1)",T.J. Klune,F,Romance
208840291,The Serviceberry: Abundance and Reciprocity in the Natural World,Robin Wall Kimmerer,NF,Economics
201465867,You Are Here,David Nicholls,F,Romance
48595313,A Nation of Idiots,Daksh Tyagi,NF,Memoir
50255465,The Cases That India Forgot,Chintan Chandrachud,NF,Legal
213541393,Deviants,Santanu  Bhattacharya,F,Fiction
223436601,"Careless People: A Cautionary Tale of Power, Greed, and Lost Idealism",Sarah Wynn-Williams,NF,Expose
61126612,Alone With You in the Ether,Olivie Blake,F,Romance
14572,Peace Is Every Step: The Path of Mindfulness in Everyday Life,Thich Nhat Hanh,NF,Spirtual
25104465,Tipping the Velvet,Sarah Waters,F,Fiction
27793819,Madonna in a Fur Coat,Sabahattin Ali,F,Fiction
139400713,Martyr!,Kaveh Akbar,F,Fiction
199347538,"Somewhere Beyond the Sea (Cerulean Chronicles, #2)",T.J. Klune,F,Fantasy
32284263,"Black Edge: Inside Information, Dirty Money, and the Quest to Bring Down the Most Wanted Man on Wall Street",Sheelah Kolhatkar,NF,Expose
50144,Kitchen,Banana Yoshimoto,F,Fiction
464260,The Fire Next Time (Vintage International),James Baldwin,NF,Memoir
25489025,The Vegetarian,Han Kang,F,Fiction
45857086,"The Burning God (The Poppy War, #3)",R.F. Kuang,F,Histotical Fiction
41212753,"The Dragon Republic (The Poppy War, #2)",R.F. Kuang,F,Histotical Fiction
35068705,"The Poppy War (The Poppy War, #1)",R.F. Kuang,F,Histotical Fiction
31373633,And Every Morning the Way Home Gets Longer and Longer,Fredrik Backman,F,Feel Good
1389596,Why I Am An Atheist: An Autobiographical Discourse,Bhagat Singh,NF,Memoir
11991,The Fall (Vintage International),Albert Camus,F,Fiction
3181564,The Housekeeper and the Professor,Yōko Ogawa,F,Fiction
101299,The Reader,Bernhard Schlink,F,Fiction
6278121,Boy's Life,Robert McCammon,F,Fiction
92303,The Importance of Being Earnest,Oscar Wilde,F,Play
1617,Night,Elie Wiesel,F,Fiction
18386,The Death of Ivan Ilych,Leo Tolstoy,F,Fiction
17801667,Disgraced,Ayad Akhtar,F,Play
157993,The Little Prince,Antoine de Saint-Exupéry,F,Fiction
41057294,Normal People,Sally Rooney,F,Romance
36739755,Convenience Store Woman,Sayaka Murata,F,Fiction
38447,"The Handmaid’s Tale (The Handmaid's Tale, #1)",Margaret Atwood,F,Dystopia
14836,Midnight’s Children,Salman Rushdie,F,Magical Realism
41021967,Punk 57,Penelope Douglas,F,Romance
50202953,Piranesi,Susanna Clarke,F,Magical Realism
206009505,"Wrath of the Triple Goddess (Percy Jackson and the Olympians: The Senior Year Adventures, #2)",Rick Riordan,F,Mythology
22822858,A Little Life,Hanya Yanagihara,F,Fiction
11387515,"Wonder (Wonder, #1)",R.J. Palacio,F,Fiction
195430687,Blue Sisters,Coco Mellors,F,Fiction
55145261,The Anthropocene Reviewed: Essays on a Human-Centered Planet,John  Green,NF,Essays
10728838,How the World Works,Noam Chomsky,NF,Radical Theory
203094595,Acts of God,Kanan Gill,F,Science Fiction
12067,"Good Omens: The Nice and Accurate Prophecies of Agnes Nutter, Witch",Terry Pratchett,F,Fantasy
206305528,Lessons in Chemistry,Bonnie Garmus,F,Historical Fiction
135479,Cat’s Cradle,Kurt Vonnegut Jr.,F,Science Fiction
34066798,A Gentleman in Moscow,Amor Towles,F,Historical Fiction
51715,Mythologies,Roland Barthes,F,Mythology
18512,"The Return of the King (The Lord of the Rings, #3)",J.R.R. Tolkien,F,Fantasy
15241,"The Two Towers (The Lord of the Rings, #2)",J.R.R. Tolkien,F,Fantasy
18293427,The Storied Life of A.J. Fikry,Gabrielle Zevin,F,Fiction
57390604,As Long as the Lemon Trees Grow,Zoulfa Katouh,F,Historical Fiction
34,"The Fellowship of the Ring (The Lord of the Rings, #1)",J.R.R. Tolkien,F,Fantasy
170448,Animal Farm,George Orwell,F,Fiction
133938826,Welcome to the Hyunam-Dong Bookshop,Hwang Bo-Reum,F,Fiction
7604,Lolita,Vladimir Nabokov,F,Fiction
18932,Dogsbody,Diana Wynne Jones,F,Fiction
62192261,The Door-to-Door Bookstore,Carsten Henn,F,Fiction
18373,Flowers for Algernon,Daniel Keyes,F,Fiction
32951,Sister Outsider: Essays and Speeches,Audre Lorde,NF,Essays
6514,The Bell Jar,Sylvia Plath,F,Fiction
23604559,My Grandmother Asked Me to Tell You She's Sorry,Fredrik Backman,F,Feel Good
51791252,The Vanishing Half,Brit Bennett,F,Fiction
55882116,Still Beating,Jennifer Hartmann,F,Romance
91274427,What You Are Looking for Is in the Library,Michiko Aoyama,F,Fiction
14376,Einstein’s Dreams,Alan Lightman,F,Science Fiction
53328332,Less Is More: How Degrowth Will Save the World,Jason Hickel,NF,Economics
124430,City of Djinns: A Year in Delhi,William Dalrymple,NF,Memoir
6642715,The Forty Rules of Love,Elif Shafak,F,Romance
59357120,Yellowface,R.F. Kuang,F,Fiction
123942,A Very Easy Death,Simone de Beauvoir,NF,Memoir
22738563,We Should All Be Feminists,Chimamanda Ngozi Adichie,NF,Radical Theory
96177629,Good Material,Dolly Alderton,F,Romance
42672465,The Latte Factor: Why You Don't Have to Be Rich to Live Rich,David Bach,NF,Economics
49354511,The Dictionary of Lost Words,Pip Williams,F,Fiction
24013955,War is a Racket: The Antiwar Classic by America's Most Decorated Soldier,Smedley D. Butler,NF,Radical Theory
98920,The Bastard of Istanbul,Elif Shafak,F,Historical Fiction
63035432,"The Chalice of the Gods (Percy Jackson and the Olympians: The Senior Year Adventures, #1)",Rick Riordan,F,Mythology
90590134,"The Coming Wave: Technology, Power, and the Twenty-first Century's Greatest Dilemma",Mustafa Suleyman,NF,Economics
4982,The Sirens of Titan,Kurt Vonnegut Jr.,F,Science Fiction
40611510,The Last Lecture,Randy Pausch,NF,Essays
80571,American Prometheus: The Triumph and Tragedy of J. Robert Oppenheimer,Kai Bird,NF,Biography
414999,Childhood’s End,Arthur C. Clarke,F,Science Fiction
1202,Freakonomics: A Rogue Economist Explores the Hidden Side of Everything,Steven D. Levitt,NF,Economics
57224204,The Seven Moons of Maali Almeida,Shehan Karunatilaka,F,Magical Realism
329866,The Dream of a Ridiculous Man,Fyodor Dostoevsky,F,Fiction
2608506,The Last Leaf (Tale Blazers),O. Henry,F,Fiction
32927264,Ms Ice Sandwich,Mieko Kawakami,F,Fiction
30474,The Communist Manifesto,Karl Marx,NF,Radical Theory
13642,A Wizard of Earthsea,Ursula K. Le Guin,F,Fantasy
49552,The Stranger,Albert Camus,F,Fiction
12007777,Why Socialism?,Albert Einstein,NF,Essays
164531,The Railway Children,E. Nesbit,F,Fiction
40604658,"Jurassic Park (Jurassic Park, #1)",Michael Crichton,F,Science Fiction
1774836,The Palace of Illusions,Chitra Banerjee Divakaruni,F,Mythology
57945316,Babel,R.F. Kuang,F,Historical Fiction
96358,Batman: The Killing Joke,Alan Moore,F,Comic
62069739,When We Cease to Understand the World,Benjamín Labatut,F,Fiction
368916,"84, Charing Cross Road",Helene Hanff,F,Fiction
16130537,The Humans,Matt Haig,F,Fiction
27833670,Dark Matter,Blake Crouch,F,Science Fiction
60318890,"The Winners (Beartown, #3)",Fredrik Backman,F,Fiction
35133922,Educated,Tara Westover,NF,Memoir
30319086,If We Were Villains,M.L. Rio,F,Fiction
5986375,"This Is Water: Some Thoughts, Delivered on a Significant Occasion, about Living a Compassionate Life",David Foster Wallace,NF,Essays
2998,The Secret Garden,Frances Hodgson Burnett,F,Fiction
12959233,Winter of the World (The Century Trilogy #2),Ken Follett,F,Historical Fiction
54814676,Crying in H Mart,Michelle Zauner,F,Fiction
36992481,Hello World: How to be Human in the Age of the Machine,Hannah Fry,NF,Science
7315573,"Fall of Giants (The Century Trilogy, #1)",Ken Follett,F,Historical Fiction
13167048,"Ruler of the World (Empire of the Moghul, #3)",Alex Rutherford,F,Historical Fiction
7505410,"Brothers At War (Empire of the Moghul, #2)",Alex Rutherford,F,Historical Fiction
13649887,"The Tainted Throne (Empire of the Moghul, #4)",Alex Rutherford,F,Historical Fiction
34912895,The Great Alone,Kristin Hannah,F,Fiction
8650,"The Lost World (Jurassic Park, #2)",Michael Crichton,F,Science Fiction
36373463,"Us Against You (Beartown, #2)",Fredrik Backman,F,Fiction
33413128,"Beartown (Beartown, #1)",Fredrik Backman,F,Fiction
35458,"Star Wars: Revenge of the Sith (Star Wars Novelizations, #3)",Matthew Woodring Stover,F,Fantasy
42201995,The Stationery Shop,Marjan Kamali,F,Fiction
41880609,On Earth We're Briefly Gorgeous,Ocean Vuong,NF,Memoir
53414230,Open Water,Caleb Azumah Nelson,F,Fiction
27247275,Star Wars: Vader Down,Jason Aaron,F,Fantasy
32187419,Conversations with Friends,Sally Rooney,F,Fiction
60715545,Jurrasic park,Michael Crichton,F,Science Fiction
37506437,"Darius the Great Is Not Okay (Darius The Great, #1)",Adib Khorram,F,Fiction
18007564,The Martian,Andy Weir,F,Science Fiction
1618,The Curious Incident of the Dog in the Night-Time,Mark Haddon,F,Fiction
51985,Existentialism is a Humanism,Jean-Paul Sartre,NF,Philosophy 
45047384,"The House in the Cerulean Sea (Cerulean Chronicles, #1)",T.J. Klune,F,Fantasy
32620332,The Seven Husbands of Evelyn Hugo,Taylor Jenkins Reid,F,Fiction
180995,Plato and a Platypus Walk Into a Bar: Understanding Philosophy Through Jokes,Thomas Cathcart,NF,Philosophy 
17716,Waiting for Godot,Samuel Beckett,F,Play
14940,Who's Afraid of Virginia Woolf?,Edward Albee,F,Play
24612009,"Every Time I Find the Meaning of Life, They Change It: Wisdom of the Great Philosophers on How to Live",Daniel Klein,NF,Philosophy 
485894,The Metamorphosis,Franz Kafka,F,Magical Realism
29335205,We Can Get Them For You Wholesale,Neil Gaiman,F,Science Fiction
10176119,Harrison Bergeron,Kurt Vonnegut Jr.,F,Science Fiction
45306054,All Summer in a Day,Ray Bradbury,F,Fiction
157076,The Most Dangerous Game,Richard Connell,F,Fiction
4808763,The Last Question,Isaac Asimov,F,Science Fiction
15755066,The Last Answer,Isaac Asimov,F,Science Fiction
69719,Lucy,Jamaica Kincaid,NF,Memoir
26135825,Fun Home: A Family Tragicomic,Alison Bechdel,NF,Memoir
69711,A Small Place,Jamaica Kincaid,NF,Radical Theory
1393465,The Loneliness of the Dying,Norbert Elias,NF,Radical Theory
17250090,Seeing Like a Feminist,Nivedita Menon,NF,Radical Theory
1218370,Bartleby,Herman Melville,F,Play
56980548,"Aristotle and Dante Dive into the Waters of the World (Aristotle and Dante, #2)",Benjamin Alire Sáenz,F,Romance
34941,"Star Wars: The Phantom Menace (Star Wars Novelizations, #1)",Terry Brooks,F,Fantasy
386162,"The Hitchhiker’s Guide to the Galaxy (The Hitchhiker's Guide to the Galaxy, #1)",Douglas Adams,F,Science Fiction
11337,The Bluest Eye,Toni Morrison,F,Historical Fiction
35066358,The First Fifteen Lives of Harry August,Claire North,F,Science Fiction
7669,Timeline,Michael Crichton,F,Science Fiction
1966969,"Fire Study (Study, #3)",Maria V. Snyder,F,Fantasy
46202,"Magic Study (Study, #2)",Maria V. Snyder,F,Fantasy
528985,She Comes First: The Thinking Man's Guide to Pleasuring a Woman,Ian Kerner,NF,Science
4450057,"Assassin Study (Study, #1.5)",Maria V. Snyder,F,Fantasy
60510,"Poison Study (Study, #1)",Maria V. Snyder,F,Fantasy
38462,Giovanni’s Room,James Baldwin,F,Fiction
54659771,"Neon Gods (Dark Olympus, #1)",Katee Robert,F,Mythology
18867849,Old Greek Stories,James  Baldwin,F,Mythology
4016515,Letter to My Daughter,Maya Angelou,NF,Essays
32075853,Erotic Stories for Punjabi Widows,Balli Kaur Jaswal,F,Fiction
31351689,Girl Made of Stars,Ashley Herring Blake,F,Fiction
11250317,The Song of Achilles,Madeline Miller,F,Mythology
24874328,Mrs Rosie and the Priest,Giovanni Boccaccio,F,Fiction
33986959,Pandeymonium,Piyush Pandey,NF,Memoir
55388579,"A Court of Thorns and Roses (A Court of Thorns and Roses, #1)",Sarah J. Maas,F,Fantasy
28787203,Ikigai: Los secretos de Japón para una vida larga y feliz,Héctor  García,NF,Productivity
30165203,"American Gods (American Gods, #1)",Neil Gaiman,F,Fantasy
5297,The Picture of Dorian Gray,Oscar Wilde,F,Play
23807,"The Silence of the Lambs  (Hannibal Lecter, #2)",Thomas  Harris,F,Fiction
29044,The Secret History,Donna Tartt,F,Fiction
50623864,The Invisible Life of Addie LaRue,V.E. Schwab,F,Fiction
4929,Kafka on the Shore,Haruki Murakami,F,Magical Realism
40121378,Atomic Habits: An Easy & Proven Way to Build Good Habits & Break Bad Ones,James Clear,NF,Productivity
52575641,What We Carry: A Memoir,Maya Shanbhag Lang,NF,Memoir
54985743,People We Meet on Vacation,Emily Henry,F,Romance
46199,Letters to a Young Poet,Rainer Maria Rilke,NF,Essays
43822024,"The Toll (Arc of a Scythe, #3)",Neal Shusterman,F,Dystopia
33555224,"Thunderhead (Arc of a Scythe, #2)",Neal Shusterman,F,Dystopia
28954189,"Scythe (Arc of a Scythe, #1)",Neal Shusterman,F,Dystopia
52578297,"The Midnight Library (The Midnight World, #1)",Matt Haig,F,Fiction
223380,Stories of Your Life and Others,Ted Chiang,F,Science Fiction
25899336,When Breath Becomes Air,Paul Kalanithi,NF,Memoir
25365,Out,Natsuo Kirino,F,Fiction
5211,A Fine Balance,Rohinton Mistry,F,Historical Fiction
9969571,"Ready Player One (Ready Player One, #1)",Ernest Cline,F,Science Fiction
33385229,"They Both Die at the End (They Both Die at the End, #1)",Adam Silvera,F,Romance
44062011,The Passengers,John Marrs,F,Romance
1096390,The Uncommon Reader,Alan Bennett,F,Fiction
41150487,"Red, White & Royal Blue (Red, White & Royal Blue, #1)",Casey McQuiston,F,Romance
14027,Thousand Cranes,Yasunari Kawabata,F,Fiction
11036,Little Birds,Anaïs Nin,F,Fiction
49127718,Anxious People,Fredrik Backman,F,Feel Good
18774964,A Man Called Ove,Fredrik Backman,F,Feel Good
10959,Sophie’s World,Jostein Gaarder,NF,Philosophy 
48717744,"The Tower of Nero (The Trials of Apollo, #5)",Rick Riordan,F,Mythology
28006109,"The Tyrant’s Tomb (The Trials of Apollo, #4)",Rick Riordan,F,Mythology
28006096,"The Burning Maze (The Trials of Apollo, #3)",Rick Riordan,F,Mythology
30145666,"The Dark Prophecy (The Trials of Apollo, #2)",Rick Riordan,F,Mythology
26252859,"The Hidden Oracle (The Trials of Apollo, #1)",Rick Riordan,F,Mythology
20518872,"The Three-Body Problem (Remembrance of Earth’s Past, #1)",Liu Cixin,F,Science Fiction
40090596,Art Matters: Because Your Imagination Can Change the World,Neil Gaiman,NF,Essays
19063,The Book Thief,Markus Zusak,F,Fiction
52892857,The Color Purple,Alice Walker,F,Historical Fiction
4981,Slaughterhouse-Five,Kurt Vonnegut Jr.,F,Historical Fiction
40190305,Like a Love Story,Abdi Nazemian,F,Romance
26312997,Peak: Secrets from the New Science of Expertise,K. Anders Ericsson,NF,Productivity
